id_PODLCA	Name_generic	Reference Unit	Name_Tally Material	Description_Tally	SCTG	Tally dist source	Tally dist_truck	Tally dist_rail	Tally dist_barge	Tally dist_container_ship	CFS dist_truck	CFS dist_rail	CFS dist_barge	CFS dist_container_ship
0	"Adhesive, acrylic"	kg	"Adhesive, acrylic"	Generic acrylic construction adhesive	239	CFS 2012	840	0	0	0				
1	"Adhesive, polychloroprene (neoprene)"	kg	"Adhesive, polychloroprene (neoprene)"	Generic polychlorprene contact adhesive.	239	CFS 2012	840	0	0	0				
2	"Adhesive, polyurethane"	kg	"Adhesive, polyurethane"	Generic polyurethane construction adhesive	239	CFS 2012	840	0	0	0				
3	Admixture	kg	Admixture	Concrete mix ingredient: Average admixture		NRMCA 2019	229	7	0	0				
4	Aluminum curtain wall system	kg	"Aluminum curtain wall system, YKK AP - EPD "	"Average aluminum curtain wall system by YKK AP America, including enerGfacade (YCW, YHC, and YUW) and ProTek products. Entry includes curtain wall mullion product, finish, and necessary fasteners, weather stripping, sealant, etc. Glazing is excluded and should be added separately by user. EPD representative of conditions in the US."	324	CFS 2012	663	0	0	0				
5	Aluminum extrusion	kg	"Aluminum extrusion, AEC - EPD"	Extruded aluminum part. Industry-wide EPD from the Aluminum Extruders Council.	324	CFS 2012	663	0	0	0				
6	"Aluminum extrusion, anodized"	kg	"Aluminum extrusion, anodized, AEC - EPD"	Extruded and anodized aluminum part. Data based on industry-wide EPD from the Aluminum Extruders Council.	324	CFS 2012	663	0	0	0				
7	"Aluminum extrusion, mill-finished"	kg	"Aluminum extrusion, mill-finished, Kawneer - EPD"	Mill-finished (uncoated) aluminum extrusions by Kawneer. EPD representative of conditions in North America.	324	CFS 2012	663	0	0	0				
8	"Aluminum extrusion, painted"	kg	"Aluminum extrusion, painted, AEC - EPD"	Painted aluminum extrusions (not thermally-improved). Industry-wide EPD from the Aluminum Extruders Council. EPD representative of conditions in North America.	324	CFS 2012	663	0	0	0				
9	Aluminum storefront system	kg	"Aluminum storefront system, YKK AP - EPD "	"Average aluminum storefront system by YKK AP America, including YES and YHS products. Entry includes aluminum storefront mullion product, finish, and necessary fasteners, weather stripping, sealant, etc. Glazing is excluded and should be added separately by user. EPD representative of conditions in the US."	324	CFS 2012	663	0	0	0				
10	Aluminum window wall system	kg	"Aluminum window wall system, YKK AP - EPD"	"Average aluminum window wall system by YKK AP America including YCN, YWE, and YWW products. Product is typically used in ribbon window configurations, punched openings, or to span from slab edge to slab edge to mimic curtain wall. Entry includes includes aluminum framing product, finish, and necessary fasteners, weather stripping, sealant, etc. . Glazing is excluded and should be added separately by user. EPD representative of conditions in the US."	324	CFS 2012	663	0	0	0				
11	"Aluminum, cast"	kg	"Aluminum, cast"	Cast aluminum part. Data based on industry-wide EPDs for primary (EPD ID 4786092064.104.1) and secondary ingot (EPD ID 4786092064.105.1) from the Aluminum Association.	324	CFS 2012	663	0	0	0				
12	"Aluminum, formed"	kg	"Aluminum, formed"	Formed aluminum member. Data based on industry-wide EPD for cold-rolled aluminum from the Aluminum Association (EPD ID 4786092064.101.1).	324	CFS 2012	663	0	0	0				
13	"Aluminum, sheet"	kg	"Aluminum, sheet"	"Aluminum sheet, formed and cut. Data based on industry-wide EPD for cold-rolled aluminum from the Aluminum Association (EPD ID 4786092064.101.1)."	324	CFS 2012	663	0	0	0				
14	Aluminum-faced composite wall panel (ACM)	kg	"Aluminum-faced composite wall panel (ACM), MCA - EPD"	Aluminum facings bonded to both sides of a thermoplastic core. Overall thickness of aluminum-faced panels 0.157 (4mm). Entry includes necessary adhesives and fasteners. Industry-wide EPD from the Metal Construction Association.	324	CFS 2012	663	0	0	0				
15	"Anodized aluminum, sheet"	kg	"Anodized aluminum, sheet"	"Anodized aluminum sheet, formed and cut. Data based on industry-wide EPD for anodized aluminum from the Aluminum Extruders Council (EPD ID 11240237.101.1)."	324	CFS 2012	663	0	0	0				
16	"APP modified bitumen, assembly, (base & cap), ARMA - EPD"	kg	"APP modified bitumen, assembly, (base & cap), ARMA - EPD"	Atactic polypropylene (AAP)-modified bituminous roofing consisting of a base sheet and cap sheet. Industry-wide EPD from the Asphalt Roofing Manufacturers Association.	319	CFS 2012	172	0	0	0				
17	Ash lumber	kg	"Ash lumber, 4 inch"	"Kiln-dried American Ash hardwood lumber of 4"" nominal thickness as produced in the United States, focusing on the main production technologies. Ash is frequently used for mouldings, flooring, furniture, and doors. Link for interactive LCA data tool is provided at the link listed as ""EPD Information""; full LCA report is available at http://naturespackaging.org/wp-content/uploads/2016/02/LifeCycleAssessment-Lumber.pdf."	262	CFS 2012	383	0	0	0				
18	"Asphalt BUR, assembly (cap & ply felt), ARMA - EPD"	kg	"Asphalt BUR, assembly (cap & ply felt), ARMA - EPD"	Asphalt Built-up roofing (BUR) consisting of a cap sheet and 3 plys of glass-fiber felt. Industry-wide EPD from the Asphalt Roofing Manufacturers Association.	319	CFS 2012	172	0	0	0				
19	Beech lumber	kg	"Beech lumber, 4 inch"	"Kiln-dried American Beech hardwood lumber of 4"" nominal thickness as produced in the eastern United States, focusing on the main production technologies and region-specific characteristics. Beech is frequently used for flooring, furniture, doors, panels, and turned wood products. Link for interactive LCA data tool is provided at the link listed as ""EPD Information""; full LCA report is available at http://naturespackaging.org/wp-content/uploads/2016/02/LifeCycleAssessment-Lumber.pdf."	262	CFS 2012	383	0	0	0				
20	Birch lumber	kg	"Birch lumber, 4 inch"	"Kiln-dried American Yellow Birch hardwood lumber of 4"" nominal thickness as produced in the northern and southeastern United States, focusing on the main production technologies and region-specific characteristics. Birch is frequently used for furniture, panels, and millwork. Link for interactive LCA data tool is provided at the link listed as ""EPD Information""; full LCA report is available at http://naturespackaging.org/wp-content/uploads/2016/02/LifeCycleAssessment-Lumber.pdf. Yellow birch should not be confused with paper birch, which is a softwood."	262	CFS 2012	383	0	0	0				
21	"Brick, generic"	kg	"Brick, generic"	"Common extruded brick, excludes mortar."	319	CFS 2012	172	0	0	0				
22	"Cellulose insulation, blown"	kg	"Cellulose insulation, blown"	Blown-in cellulose insulation	280	CFS 2012	1020	0	0	0				
23	"Cellulose insulation, boards"	kg	"Cellulose insulation, boards"	"Cellulose insulation, boards"	280	CFS 2012	1020	0	0	0				
24	CLT (Cross laminated timber)	kg	CLT (Cross laminated timber)	"Engineered wood panel made of several layers of kiln-dried lumber stacked in alternating directions, bonded with structural adhesives, and pressed to form a solid rectangular panel."	263	CFS 2012	468	0	0	0				
25	Coarse aggregate	kg	Coarse aggregate	Concrete mix ingredient: Gravel		NRMCA 2019	37	29	5	12				
26	Composite wood I-joist	kg	"Composite wood I-joist, AWC - EPD"	Engineered wood I-joist. Industry-wide EPD from the American Wood Council. EPD representative of conditions in the US.	263	CFS 2012	468	0	0	0				
27	"Concrete masonry unit (CMU), hollow-core"	kg	"Concrete masonry unit (CMU), hollow-core"	"Hollow-Core Concrete Masonry Unit (CMU), excludes grout and mortar"	319	CFS 2012	172	0	0	0				
28	"Concrete masonry unit (CMU), solid"	kg	"Concrete masonry unit (CMU), solid"	"Solid Concrete Masonry Unit (CMU), excludes mortar"	319	CFS 2012	172	0	0	0				
29	"Curtain wall system, Kawneer"	kg	"Curtain wall system, Kawneer, 1600 Wall System - EPD"	"Thermally broken aluminum curtain wall system by Kawneer INCLUSIVE of glazing units, appropriate for low-to-mid-rise applications, including the 1600, 1620, 1630, 2250, and 7500 curtainwall system lines. Includes mullions, glazing, and all necessary gaskets and sealants. The reference window unit size is 1.5m x 1.6m. EPD representative of conditions in North America."	324	CFS 2012	663	0	0	0				
30	"Door frame, aluminum, powder-coated, no door"	kg	"Door frame, aluminum, powder-coated, no door"	Aluminum door frame	333	CFS 2012	568	0	0	0				
31	"Door frame, metal, galvanized, no door"	kg	"Door frame, metal, galvanized, no door"	"Stainless steel, 18 ga door frame"	333	CFS 2012	568	0	0	0				
32	"Door frame, wood, no door"	kg	"Door frame, wood, no door"	Wood door frame		CFS 2012	496	0	0	0				
33	"Door, exterior, wood, solid core"	kg	"Door, exterior, wood, solid core"	Exterior wood door		CFS 2012	496	0	0	0				
34	"Door, fire-rated, wood"	kg	"Door, fire-rated, wood"	1 hour fire-rated wood door		CFS 2012	496	0	0	0				
35	"EPDM, sheet, non-reinforced "	kg	"EPDM, non-reinforced membrane, 60 mils, SPRI - EPD"	"Non-reinforced ethylene propylene diene terpolymer (EPDM) synthetic rubber roofing membrane, default thickness of 60 mils (1.5 mm). Industry-wide EPD from the Single Ply Roofing Industry."	319	CFS 2012	172	0	0	0				
36	"Epoxy coating, metal stock"	kg	"Epoxy coating, metal stock"	"Epoxy coating, for metal stock"		CFS 2012	0	0	0	0				
37	"Expanded polystyrene (EPS), board"	kg	"Expanded polystyrene (EPS), board"	EPS foam insulation board	242	CFS 2012	1299	0	0	0				
38	Expanded shale	kg	Expanded shale	Concrete mix ingredient: Expanded shale; 45 pcf		NRMCA 2019	106	62	37	0				
39	Expanded slag	kg	Expanded slag	Concrete mix ingredient: Expanded slag		NRMCA 2019	54	10	41	625				
40	"Fasteners, aluminum (anodized)"	kg	"Fasteners, aluminum (anodized)"	"Extruded and anodized aluminum part, appropriate for use as fasteners and specialized hardware (bolts, rails, clips, etc.). Data based on industry-wide EPD for anodized aluminum from the Aluminum Extruders Council (EPD ID 11240237.101.1)."	333	CFS 2012	1001	0	0	0				
41	"Fasteners, brass"	kg	"Fasteners, brass"	"Die-cast brass part, appropriate for use as fasteners and specialized hardware (bolts, rails, clips, etc.)."	333	CFS 2012	1001	0	0	0				
42	"Fasteners, copper"	kg	"Fasteners, copper"	"Copper part, appropriate for use as fasteners and specialized hardware (bolts, rails, clips, etc.)."	333	CFS 2012	1001	0	0	0				
43	"Fasteners, galvanized steel"	kg	"Fasteners, galvanized steel"	"Galvanized steel part, appropriate for use as fasteners and specialized hardware (bolts, rails, clips, etc.)."	333	CFS 2012	1001	0	0	0				
44	"Fasteners, stainless steel"	kg	"Fasteners, stainless steel"	"Stainless steel part, appropriate for use as fasteners and specialized hardware (bolts, rails, clips, etc.). Data based on industry-wide EPDs for primary and secondary metal from the World Steel Association."	333	CFS 2012	1001	0	0	0				
45	Fiber cement board	kg	Fiber cement board	"Medium density fiber cement board, for interior and exterior, as cladding material for curtain-type ventilated facades, roofing, for decorative interior finishing, drywall, foundation base, or permanent formwork. Default thickness 5/16""."	319	CFS 2012	172	0	0	0				
46	"Fiberglass blanket insulation, paper faced"	kg	"Fiberglass blanket insulation, paper faced"	Kraft-faced fiberglass batt; density varies from 10-14 kg/m3	319	CFS 2012	172	0	0	0				
47	Fiberglass mat gypsum sheathing board	kg	Fiberglass mat gypsum sheathing board	Fiberglass treated gypsum sheathing product appropriate for use in high-moisture environments.	319	CFS 2012	172	0	0	0				
48	"Fireproofing, cementitious"	kg	"Fireproofing, cementitious"	"Cementitious fireproofing spray for structural steel and concrete. Minimum application thickness is 1/2"". Default values assume first pass = 1/2"", subsequent passes 3/4""."	319	CFS 2012	172	0	0	0				
49	"Fireproofing, intumescent paint"	kg	"Fireproofing, intumescent paint"	"Intumescent fireproof coating, for use on exposed structural steel. Default application rate assumes a thickness of 45 mils."	231	CFS 2012	642	0	0	0				
50	Fluid applied elastomeric air barrier	kg	Fluid applied elastomeric air barrier	Water-based asphalt emulsion with SBS polymers	319	CFS 2012	172	0	0	0				
51	Fluid applied synthetic polymer air barrier	kg	Fluid applied synthetic polymer air barrier	Liquid-applied rubberized membrane	243	CFS 2012	555	0	0	0				
52	"Fluoropolymer coating, metal stock"	kg	"Fluoropolymer coating, metal stock"	Standard fluoropolymer coating for metals. This entry is used as a part of the larger MCA EPD for Roll Formed Steel Panels (EPD ID 13CA27321.101.1).		CFS 2012	0	0	0	0				
53	Fly ash	kg	Fly ash	Concrete mix ingredient: Fly ash; 50 pcf		NRMCA 2019	99	49	0	47				
54	Galvanized steel support	kg	Galvanized steel support	"Hot dipped galvanized steel profile, for use with cladding systems."	323	CFS 2012	431	0	0	0				
55	GFRC	kg	GFRC	"Glass fiber reinforced concrete (GFRC), applied manually. Appropriate for exterior facade panels and precast elements."		NRMCA 2019	24	0	0	0				
56	GFRC panel	kg	"GFRC panel, Rieder, FibreC panel - EPD"	Glass fiber reinforced concrete (GFRC) panels by fibreC. 13 mm thick. EPD representative of German (DE) conditions.	319	CFS 2012	172	0	0	0				
57	Glass fiber board	kg	"Glass fiber board, NAIMA - EPD"	Fiberglass duct wrap that is used to provide thermal insulation to ducts and plenums. Industry-wide EPD from the North America Insulation Manufacturers Association.	319	CFS 2012	172	0	0	0				
58	Glass fibers	kg	Glass fibers	Concrete mix ingredient: Glass fibers; 168 pcf		NRMCA 2019	415	0	0	0				
59	"Glazed brick, generic"	kg	"Glazed brick, generic"	"Common brick, with factory-applied glaze. Excludes mortar."	319	CFS 2012	172	0	0	0				
60	"Glazing, double pane IGU"	kg	"Glazing, double, insulated (air)"	"Glazing, double, insulated (air filled), 1/8"" (4 mm) float glass clear, inclusive of sealant, and spacers"	313	CFS 2012	940	0	0	0				
61	"Glazing, laminated safety glass"	kg	"Glazing, double, 3 mm, laminated safety glass"	"Laminated glass, 2 lites 3 mm thick, inclusive of polyvinyl butyral. Note: this entry is appropriate for clear or tinted glass."	313	CFS 2012	940	0	0	0				
62	"Glazing, monolithic sheet, generic"	kg	"Glazing, monolithic sheet, generic"	"Standard float glass, uncoated. Note: this entry is appropriate for clear or tinted glass. Default thickness is 3 mm."	313	CFS 2012	940	0	0	0				
63	"Glazing, monolithic sheet, tempered"	kg	"Glazing, monolithic sheet, tempered"	Tempered float glass. Note: this entry is appropriate for clear or tinted glass. Default thickness is 3 mm.	313	CFS 2012	940	0	0	0				
64	"Glazing, triple, insulated (air)"	kg	"Glazing, triple, insulated (air)"	"Glazing, triple, insulated (air filled), 1/8"" (4 mm) float glass clear, inclusive of sealant, and spacers"	313	CFS 2012	940	0	0	0				
65	Glue laminated timber (Glulam)	kg	"Glue laminated timber (Glulam), AWC - EPD"	"Architectural grade structural glue-laminated timber (Glulam), an engineered wood product manufactured from end-joined, laminated, and planed lumber pressure-treated with resins. Typically used for beams, headers, columns, and arches. Entry inclusive of factory applied sealer. Industry-wide EPD from the American Wood Council."	263	CFS 2012	468	0	0	0				
66	Hard maple lumber	kg	"Hard maple lumber, 4 inch"	"Kiln-dried Hard Maple (sugar, rock, or black maple) hardwood lumber of 4"" nominal thickness as produced in the United States, focusing on the main production technologies. Maple is frequently used for moulding, flooring, furniture, and millwork. Link for interactive LCA data tool is provided at the link listed as ""EPD Information""; full LCA report is available at http://naturespackaging.org/wp-content/uploads/2016/02/LifeCycleAssessment-Lumber.pdf."	262	CFS 2012	383	0	0	0				
67	Heavy timber	kg	"Heavy timber, US"	Heavy timber framing using rectangular solid-wood framing members that are 5 inches nominal (114 mm actual) or larger in both width and depth	262	CFS 2012	383	0	0	0				
68	Hemp hurds	kg	Hemp hurds	Concrete mix ingredient: Hemp hurds for use in hempcrete production	301	CFS 2012	1959	0	0	0				
69	Hickory lumber	kg	"Hickory lumber, 4 inch"	"Kiln-dried American Hickory hardwood lumber of 4"" nominal thickness as produced in the eastern United States, focusing on the main production technologies and region-specific characteristics. Hickory is frequently used for flooring, furniture, and millwork. Link for interactive LCA data tool is provided at the link listed as ""EPD Information""; full LCA report is available at http://naturespackaging.org/wp-content/uploads/2016/02/LifeCycleAssessment-Lumber.pdf. Pecan and hickory are frequently processed by mills and sold together, and may be referred to jointly as ""pecan hickory"" wood."	262	CFS 2012	383	0	0	0				
70	"Hollow door, exterior, aluminum, powder-coated"	kg	"Hollow door, exterior, aluminum, powder-coated"	"Powder-coated aluminum, exterior, with interior steel supports and polyurethane foam insulation"	333	CFS 2012	568	0	0	0				
71	"Hollow door, exterior, steel, fire-rated"	kg	"Hollow door, exterior, steel, fire-rated"	"Fire-rated door, exterior, steel, inclusive of polystyrene core, no frame"	333	CFS 2012	568	0	0	0				
72	"Hollow door, exterior, steel, galvanized"	kg	"Hollow door, exterior, steel, galvanized"	"Hollow door, exterior, steel, 18 ga. inclusive of EPS insulation, no frame"	333	CFS 2012	568	0	0	0				
73	"Hollow door, exterior, steel, powder-coated"	kg	"Hollow door, exterior, steel, powder-coated"	"Hollow door, exterior, steel, 18 ga. inclusive of EPS insulation, no frame"	333	CFS 2012	568	0	0	0				
74	"Hollow door, exterior, steel, unfinished"	kg	"Hollow door, exterior, steel, unfinished"	"Hollow door, exterior, steel, 18 ga. inclusive of EPS insulation, no frame"	333	CFS 2012	568	0	0	0				
75	"Hollow door, interior, steel, fire-rated"	kg	"Hollow door, interior, steel, fire-rated"	"Fire-rated door, interior, steel, inclusive of mineral fiber insulation, no frame"	333	CFS 2012	568	0	0	0				
76	IGU spacer	kg	IGU spacer	"Insulating glass unit (IGU) spacer and gasket used to separate two or more plies of glass. Density value assumes a 1/2"" (13/2 mm) spacer."	313	CFS 2012	940	0	0	0				
77	"Insulated metal panel (IMP), Kingspan, Laminated metal panel"	kg	"Insulated metal panel (IMP), Kingspan, Laminated metal panel - EPD"	"Kingspan Laminated Metal Panel made of  two aluminum, zinc, or steel sheets glued to a polyisocyanurate core, cut to shape and size as required.  Appropriate for exterior applications. EPD representative of steel-faced product with a 4 inch thickness and approximate R value of 3.87.  EPD representative of Canadian manufacturing conditions."		EPD	554	0	0	0				
78	Laminated pine panel board	kg	Laminated pine panel board	Laminated pine woodboard (Duo-/Trio boards) consists of bonded layers of pine. Laminated woodboards in comparison to laminated timber are thicker (45mm). Appropriate for use in interior applications.	262	CFS 2012	383	0	0	0				
79	Laminated spruce panel board	kg	Laminated spruce panel board	Laminated spruce woodboard (Duo-/Trio boards) consists of layers of spruce bonded with phenolic resin-based adhesive. Laminated woodboards in comparison to laminated timber are thicker (45mm). Appropriate for use in interior applications.	262	CFS 2012	383	0	0	0				
80	Laminated strand lumber (LSL) / Oriented strand lumber (OSL)	kg	Laminated strand lumber (LSL) / Oriented strand lumber (OSL)	"Engineered wood product using laminated wood strands, typically used for beams, headers, columns, and posts."	263	CFS 2012	468	0	0	0				
81	Laminated veneer lumber (LVL)	kg	"Laminated veneer lumber (LVL), AWC - EPD"	Laminated veneer lumber sheet stock. Industry-wide EPD from the American Wood Council. EPD representative of conditions in the US.	263	CFS 2012	468	0	0	0				
82	"Lightweight concrete, 3000 psi, 0% fly ash and slag"	kg	"Lightweight concrete, 3000 psi, 0% fly ash and slag"	"Lightweight concrete, 3000 psi, 0% fly ash and slag. Mix design matches National Ready-Mix Concrete Association (NRMCA) Industry-wide EPD."		NRMCA 2019	24	0	0	0				
83	"Lightweight concrete, 3000 psi, 20% fly ash"	kg	"Lightweight concrete, 3000 psi, 20% fly ash"	"Lightweight concrete, 3000 psi, 20% fly ash. Mix design matches National Ready-Mix Concrete Association (NRMCA) Industry-wide EPD."		NRMCA 2019	24	0	0	0				
84	"Lightweight concrete, 3000 psi, 20% fly ash and 30% slag"	kg	"Lightweight concrete, 3000 psi, 20% fly ash and 30% slag"	"Lightweight concrete, 3000 psi, 20% fly ash and 30% slag. Mix design matches National Ready-Mix Concrete Association (NRMCA) Industry-wide EPD."		NRMCA 2019	24	0	0	0				
85	"Lightweight concrete, 3000 psi, 30% fly ash"	kg	"Lightweight concrete, 3000 psi, 30% fly ash"	"Lightweight concrete, 3000 psi, 30% fly ash. Mix design matches National Ready-Mix Concrete Association (NRMCA) Industry-wide EPD."		NRMCA 2019	24	0	0	0				
86	"Lightweight concrete, 3000 psi, 30% slag"	kg	"Lightweight concrete, 3000 psi, 30% slag"	"Lightweight concrete, 3000 psi, 30% slag. Mix design matches National Ready-Mix Concrete Association (NRMCA) Industry-wide EPD."		NRMCA 2019	24	0	0	0				
87	"Lightweight concrete, 3000 psi, 40% fly ash"	kg	"Lightweight concrete, 3000 psi, 40% fly ash"	"Lightweight concrete, 3000 psi, 40% fly ash. Mix design matches National Ready-Mix Concrete Association (NRMCA) Industry-wide EPD."		NRMCA 2019	24	0	0	0				
88	"Lightweight concrete, 3000 psi, 40% slag"	kg	"Lightweight concrete, 3000 psi, 40% slag"	"Lightweight concrete, 3000 psi, 40% slag. Mix design matches National Ready-Mix Concrete Association (NRMCA) Industry-wide EPD."		NRMCA 2019	24	0	0	0				
89	"Lightweight concrete, 3000 psi, 50% slag"	kg	"Lightweight concrete, 3000 psi, 50% slag"	"Lightweight concrete, 3000 psi, 50% slag. Mix design matches National Ready-Mix Concrete Association (NRMCA) Industry-wide EPD."		NRMCA 2019	24	0	0	0				
90	"Lightweight concrete, 3000 psi, Eastern regional average"	kg	"Lightweight concrete, 3000 psi, Eastern regional average"	"Lightweight concrete, 3000 psi, Eastern regional average. Mix design matches National Ready-Mix Concrete Association (NRMCA) Industry-wide EPD."		NRMCA 2019	24	0	0	0				
91	"Lightweight concrete, 3000 psi, Great Lakes Midwest regional average"	kg	"Lightweight concrete, 3000 psi, Great Lakes Midwest regional average"	"Lightweight concrete, 3000 psi, Great Lakes Midwest regional average. Mix design matches National Ready-Mix Concrete Association (NRMCA) Industry-wide EPD."		NRMCA 2019	24	0	0	0				
92	"Lightweight concrete, 3000 psi, National regional average"	kg	"Lightweight concrete, 3000 psi, National regional average"	"Lightweight concrete, 3000 psi, National regional average. Mix design matches National Ready-Mix Concrete Association (NRMCA) Industry-wide EPD."		NRMCA 2019	24	0	0	0				
93	"Lightweight concrete, 3000 psi, North Central regional average"	kg	"Lightweight concrete, 3000 psi, North Central regional average"	"Lightweight concrete, 3000 psi, North Central regional average. Mix design matches National Ready-Mix Concrete Association (NRMCA) Industry-wide EPD."		NRMCA 2019	24	0	0	0				
94	"Lightweight concrete, 3000 psi, Pacific Northwest regional average"	kg	"Lightweight concrete, 3000 psi, Pacific Northwest regional average"	"Lightweight concrete, 3000 psi, Pacific Northwest regional average. Mix design matches National Ready-Mix Concrete Association (NRMCA) Industry-wide EPD."		NRMCA 2019	24	0	0	0				
95	"Lightweight concrete, 3000 psi, Pacific Southwest regional average"	kg	"Lightweight concrete, 3000 psi, Pacific Southwest regional average"	"Lightweight concrete, 3000 psi, Pacific Southwest regional average. Mix design matches National Ready-Mix Concrete Association (NRMCA) Industry-wide EPD."		NRMCA 2019	24	0	0	0				
96	"Lightweight concrete, 3000 psi, Rocky Mountains regional average"	kg	"Lightweight concrete, 3000 psi, Rocky Mountains regional average"	"Lightweight concrete, 3000 psi, Rocky Mountains regional average. Mix design matches National Ready-Mix Concrete Association (NRMCA) Industry-wide EPD."		NRMCA 2019	24	0	0	0				
97	"Lightweight concrete, 3000 psi, South Central regional average"	kg	"Lightweight concrete, 3000 psi, South Central regional average"	"Lightweight concrete, 3000 psi, South Central regional average. Mix design matches National Ready-Mix Concrete Association (NRMCA) Industry-wide EPD."		NRMCA 2019	24	0	0	0				
98	"Lightweight concrete, 3000 psi, South Eastern regional average"	kg	"Lightweight concrete, 3000 psi, South Eastern regional average"	"Lightweight concrete, 3000 psi, South Eastern regional average. Mix design matches National Ready-Mix Concrete Association (NRMCA) Industry-wide EPD."		NRMCA 2019	24	0	0	0				
99	"Lightweight concrete, 4000 psi, 0% fly ash and slag"	kg	"Lightweight concrete, 4000 psi, 0% fly ash and slag"	"Lightweight concrete, 4000 psi, 0% fly ash and slag. Mix design matches National Ready-Mix Concrete Association (NRMCA) Industry-wide EPD."		NRMCA 2019	24	0	0	0				
100	"Lightweight concrete, 4000 psi, 20% fly ash"	kg	"Lightweight concrete, 4000 psi, 20% fly ash"	"Lightweight concrete, 4000 psi, 20% fly ash. Mix design matches National Ready-Mix Concrete Association (NRMCA) Industry-wide EPD."		NRMCA 2019	24	0	0	0				
101	"Lightweight concrete, 4000 psi, 20% fly ash and 30% slag"	kg	"Lightweight concrete, 4000 psi, 20% fly ash and 30% slag"	"Lightweight concrete, 4000 psi, 20% fly ash and 30% slag. Mix design matches National Ready-Mix Concrete Association (NRMCA) Industry-wide EPD."		NRMCA 2019	24	0	0	0				
102	"Lightweight concrete, 4000 psi, 30% fly ash"	kg	"Lightweight concrete, 4000 psi, 30% fly ash"	"Lightweight concrete, 4000 psi, 30% fly ash. Mix design matches National Ready-Mix Concrete Association (NRMCA) Industry-wide EPD."		NRMCA 2019	24	0	0	0				
103	"Lightweight concrete, 4000 psi, 30% slag"	kg	"Lightweight concrete, 4000 psi, 30% slag"	"Lightweight concrete, 4000 psi, 30% slag. Mix design matches National Ready-Mix Concrete Association (NRMCA) Industry-wide EPD."		NRMCA 2019	24	0	0	0				
104	"Lightweight concrete, 4000 psi, 40% fly ash"	kg	"Lightweight concrete, 4000 psi, 40% fly ash"	"Lightweight concrete, 4000 psi, 40% fly ash. Mix design matches National Ready-Mix Concrete Association (NRMCA) Industry-wide EPD."		NRMCA 2019	24	0	0	0				
105	"Lightweight concrete, 4000 psi, 40% slag"	kg	"Lightweight concrete, 4000 psi, 40% slag"	"Lightweight concrete, 4000 psi, 40% slag. Mix design matches National Ready-Mix Concrete Association (NRMCA) Industry-wide EPD."		NRMCA 2019	24	0	0	0				
106	"Lightweight concrete, 4000 psi, 50% slag"	kg	"Lightweight concrete, 4000 psi, 50% slag"	"Lightweight concrete, 4000 psi, 50% slag. Mix design matches National Ready-Mix Concrete Association (NRMCA) Industry-wide EPD."		NRMCA 2019	24	0	0	0				
107	"Lightweight concrete, 4000 psi, Eastern regional average"	kg	"Lightweight concrete, 4000 psi, Eastern regional average"	"Lightweight concrete, 4000 psi, Eastern regional average. Mix design matches National Ready-Mix Concrete Association (NRMCA) Industry-wide EPD."		NRMCA 2019	24	0	0	0				
108	"Lightweight concrete, 4000 psi, Great Lakes Midwest regional average"	kg	"Lightweight concrete, 4000 psi, Great Lakes Midwest regional average"	"Lightweight concrete, 4000 psi, Great Lakes Midwest regional average. Mix design matches National Ready-Mix Concrete Association (NRMCA) Industry-wide EPD."		NRMCA 2019	24	0	0	0				
109	"Lightweight concrete, 4000 psi, National regional average"	kg	"Lightweight concrete, 4000 psi, National regional average"	"Lightweight concrete, 4000 psi, National regional average. Mix design matches National Ready-Mix Concrete Association (NRMCA) Industry-wide EPD."		NRMCA 2019	24	0	0	0				
110	"Lightweight concrete, 4000 psi, North Central regional average"	kg	"Lightweight concrete, 4000 psi, North Central regional average"	"Lightweight concrete, 4000 psi, North Central regional average. Mix design matches National Ready-Mix Concrete Association (NRMCA) Industry-wide EPD."		NRMCA 2019	24	0	0	0				
111	"Lightweight concrete, 4000 psi, Pacific Northwest regional average"	kg	"Lightweight concrete, 4000 psi, Pacific Northwest regional average"	"Lightweight concrete, 4000 psi, Pacific Northwest regional average. Mix design matches National Ready-Mix Concrete Association (NRMCA) Industry-wide EPD."		NRMCA 2019	24	0	0	0				
112	"Lightweight concrete, 4000 psi, Pacific Southwest regional average"	kg	"Lightweight concrete, 4000 psi, Pacific Southwest regional average"	"Lightweight concrete, 4000 psi, Pacific Southwest regional average. Mix design matches National Ready-Mix Concrete Association (NRMCA) Industry-wide EPD."		NRMCA 2019	24	0	0	0				
113	"Lightweight concrete, 4000 psi, Rocky Mountains regional average"	kg	"Lightweight concrete, 4000 psi, Rocky Mountains regional average"	"Lightweight concrete, 4000 psi, Rocky Mountains regional average. Mix design matches National Ready-Mix Concrete Association (NRMCA) Industry-wide EPD."		NRMCA 2019	24	0	0	0				
114	"Lightweight concrete, 4000 psi, South Central regional average"	kg	"Lightweight concrete, 4000 psi, South Central regional average"	"Lightweight concrete, 4000 psi, South Central regional average. Mix design matches National Ready-Mix Concrete Association (NRMCA) Industry-wide EPD."		NRMCA 2019	24	0	0	0				
115	"Lightweight concrete, 4000 psi, South Eastern regional average"	kg	"Lightweight concrete, 4000 psi, South Eastern regional average"	"Lightweight concrete, 4000 psi, South Eastern regional average. Mix design matches National Ready-Mix Concrete Association (NRMCA) Industry-wide EPD."		NRMCA 2019	24	0	0	0				
116	"Lightweight concrete, 5000 psi, 0% fly ash and slag"	kg	"Lightweight concrete, 5000 psi, 0% fly ash and slag"	"Lightweight concrete, 5000 psi, 0% fly ash and slag. Mix design matches National Ready-Mix Concrete Association (NRMCA) Industry-wide EPD."		NRMCA 2019	24	0	0	0				
117	"Lightweight concrete, 5000 psi, 20% fly ash"	kg	"Lightweight concrete, 5000 psi, 20% fly ash"	"Lightweight concrete, 5000 psi, 20% fly ash. Mix design matches National Ready-Mix Concrete Association (NRMCA) Industry-wide EPD."		NRMCA 2019	24	0	0	0				
118	"Lightweight concrete, 5000 psi, 20% fly ash and 30% slag"	kg	"Lightweight concrete, 5000 psi, 20% fly ash and 30% slag"	"Lightweight concrete, 5000 psi, 20% fly ash and 30% slag. Mix design matches National Ready-Mix Concrete Association (NRMCA) Industry-wide EPD."		NRMCA 2019	24	0	0	0				
119	"Lightweight concrete, 5000 psi, 30% fly ash"	kg	"Lightweight concrete, 5000 psi, 30% fly ash"	"Lightweight concrete, 5000 psi, 30% fly ash. Mix design matches National Ready-Mix Concrete Association (NRMCA) Industry-wide EPD."		NRMCA 2019	24	0	0	0				
120	"Lightweight concrete, 5000 psi, 30% slag"	kg	"Lightweight concrete, 5000 psi, 30% slag"	"Lightweight concrete, 5000 psi, 30% slag. Mix design matches National Ready-Mix Concrete Association (NRMCA) Industry-wide EPD."		NRMCA 2019	24	0	0	0				
121	"Lightweight concrete, 5000 psi, 40% fly ash"	kg	"Lightweight concrete, 5000 psi, 40% fly ash"	"Lightweight concrete, 5000 psi, 40% fly ash. Mix design matches National Ready-Mix Concrete Association (NRMCA) Industry-wide EPD."		NRMCA 2019	24	0	0	0				
122	"Lightweight concrete, 5000 psi, 40% slag"	kg	"Lightweight concrete, 5000 psi, 40% slag"	"Lightweight concrete, 5000 psi, 40% slag. Mix design matches National Ready-Mix Concrete Association (NRMCA) Industry-wide EPD."		NRMCA 2019	24	0	0	0				
123	"Lightweight concrete, 5000 psi, 50% slag"	kg	"Lightweight concrete, 5000 psi, 50% slag"	"Lightweight concrete, 5000 psi, 50% slag. Mix design matches National Ready-Mix Concrete Association (NRMCA) Industry-wide EPD."		NRMCA 2019	24	0	0	0				
124	"Lightweight concrete, 5000 psi, Eastern regional average"	kg	"Lightweight concrete, 5000 psi, Eastern regional average"	"Lightweight concrete, 5000 psi, Eastern regional average. Mix design matches National Ready-Mix Concrete Association (NRMCA) Industry-wide EPD."		NRMCA 2019	24	0	0	0				
125	"Lightweight concrete, 5000 psi, Great Lakes Midwest regional average"	kg	"Lightweight concrete, 5000 psi, Great Lakes Midwest regional average"	"Lightweight concrete, 5000 psi, Great Lakes Midwest regional average. Mix design matches National Ready-Mix Concrete Association (NRMCA) Industry-wide EPD."		NRMCA 2019	24	0	0	0				
126	"Lightweight concrete, 5000 psi, National regional average"	kg	"Lightweight concrete, 5000 psi, National regional average"	"Lightweight concrete, 5000 psi, National regional average. Mix design matches National Ready-Mix Concrete Association (NRMCA) Industry-wide EPD."		NRMCA 2019	24	0	0	0				
127	"Lightweight concrete, 5000 psi, North Central regional average"	kg	"Lightweight concrete, 5000 psi, North Central regional average"	"Lightweight concrete, 5000 psi, North Central regional average. Mix design matches National Ready-Mix Concrete Association (NRMCA) Industry-wide EPD."		NRMCA 2019	24	0	0	0				
128	"Lightweight concrete, 5000 psi, Pacific Northwest regional average"	kg	"Lightweight concrete, 5000 psi, Pacific Northwest regional average"	"Lightweight concrete, 5000 psi, Pacific Northwest regional average. Mix design matches National Ready-Mix Concrete Association (NRMCA) Industry-wide EPD."		NRMCA 2019	24	0	0	0				
129	"Lightweight concrete, 5000 psi, Pacific Southwest regional average"	kg	"Lightweight concrete, 5000 psi, Pacific Southwest regional average"	"Lightweight concrete, 5000 psi, Pacific Southwest regional average. Mix design matches National Ready-Mix Concrete Association (NRMCA) Industry-wide EPD."		NRMCA 2019	24	0	0	0				
130	"Lightweight concrete, 5000 psi, Rocky Mountains regional average"	kg	"Lightweight concrete, 5000 psi, Rocky Mountains regional average"	"Lightweight concrete, 5000 psi, Rocky Mountains regional average. Mix design matches National Ready-Mix Concrete Association (NRMCA) Industry-wide EPD."		NRMCA 2019	24	0	0	0				
131	"Lightweight concrete, 5000 psi, South Central regional average"	kg	"Lightweight concrete, 5000 psi, South Central regional average"	"Lightweight concrete, 5000 psi, South Central regional average. Mix design matches National Ready-Mix Concrete Association (NRMCA) Industry-wide EPD."		NRMCA 2019	24	0	0	0				
132	"Lightweight concrete, 5000 psi, South Eastern regional average"	kg	"Lightweight concrete, 5000 psi, South Eastern regional average"	"Lightweight concrete, 5000 psi, South Eastern regional average. Mix design matches National Ready-Mix Concrete Association (NRMCA) Industry-wide EPD."		NRMCA 2019	24	0	0	0				
133	Lime	kg	Lime	Concrete mix ingredient: Lime for custom concrete products such as mortar or hempcrete	319	CFS 2012	107	0	0	0				
134	Lime mortar (Mortar type K)	kg	Lime mortar (Mortar type K)	"Lime mortar, traditionally used for historic masonry."	319	CFS 2012	172	0	0	0				
135	Medium density fiberboard (MDF)	kg	"Medium density fiberboard (MDF), AWC - EPD"	"Generic Medium Density Fiberboard (MDF), engineered monolithic wood sheet product using wood residues bonded together with resin, pressed into sheets. Industry-wide EPD from the American Wood Council."	263	CFS 2012	468	0	0	0				
136	"Mineral wool, high density"	kg	"Mineral wool, high density, NAIMA - EPD"	"Rock board, heavy density. Industry-wide EPD from the North America Insulation Manufacturers Association. EPD representative of conditions in North America."	319	CFS 2012	172	0	0	0				
137	"Mineral wool, low density"	kg	"Mineral wool, low density, NAIMA - EPD"	Rockwool (mineral wool) board; light density. Industry-wide EPD from the North America Insulation Manufacturers Association. EPD representative of conditions in North America.	319	CFS 2012	172	0	0	0				
138	Mortar type N	kg	Mortar type N	Mortar Type N (moderate strength mortar) for use in masonry walls and flooring.	319	CFS 2012	172	0	0	0				
139	Mortar type S	kg	Mortar type S	Mortar Type S (medium strength mortar) for use with masonry walls and flooring.	319	CFS 2012	172	0	0	0				
140	None	kg	None	"This entry acts as a dummy material, carrying no environmental impacts, for use in cases when there is ""no finish"" or ""no added material"" designated."			0	0	0	0				
141	Oriented strandboard (OSB)	kg	"Oriented strandboard (OSB), AWC - EPD"	"Generic Oriented Strand Board (OSB or Flakeboard), engineered wood sheet product using wood strands bonded together with resin, pressed into sheets. Industry-wide EPD from the American Wood Council."	263	CFS 2012	468	0	0	0				
142	"Paint, exterior acrylic latex"	kg	"Paint, exterior acrylic latex"	Acrylic-based latex paint for exterior applications. Associated reference table includes primer.	231	CFS 2012	642	0	0	0				
143	"Paint, exterior metal coating, silicone-based"	kg	"Paint, exterior metal coating, silicone-based"	"Silicone-based metal paint, with a default coating thickness of 100 microns"	231	CFS 2012	642	0	0	0				
144	Parallel strand lumber (PSL)	kg	Parallel strand lumber (PSL)	"Engineered wood product using parallel wood strands bonded together with adhesive, typically used for beams, headers, columns, and posts."	263	CFS 2012	468	0	0	0				
145	Perlite	kg	Perlite	Concrete mix ingredient: Perlite; 30 pcf		NRMCA 2019	106	62	37	0				
146	"PIR rigid foam insulation, wall, R=14.6"	kg	"PIR rigid foam insulation, wall, R=14.6, PIMA - EPD"	"Polyisocyanurate rigid foam wall insulation with aluminum foil over kraft paper facers, R-value of 14.6, 2.25"" thickness (57.2 mm). Industry-wide EPD from the Polyisocyanurate Insulation Manufacturers Association."	242?	EPD?	250	0	0	0				
147	"Plywood, exterior grade "	kg	"Exterior grade plywood, US"	"Plywood, unfinished"	263	CFS 2012	468	0	0	0				
148	"Plywood, interior grade "	kg	"Interior grade plywood, US, AWC - EPD"	"Plywood, unfinished. Industry-wide EPD from the American Wood Council."	263	CFS 2012	468	0	0	0				
149	PMMA built-up roofing	kg	PMMA built-up roofing	"Polymethyl methacrylate (PMMA) sheet roofing, excludes adhesives, sealants, and/or fasteners"	324	CFS 2012	1299	0	0	0				
150	"Polyurethane top coat, water-based, for wood"	kg	"Polyurethane top coat, water-based, for wood"	"Water-based polyurethane wood stain, inclusive of catalyst"	231	CFS 2012	642	0	0	0				
151	Portland cement	kg	"Portland cement, PCA - EPD"	Concrete mix ingredient: portland cement. Data is based on Industry-wide EPD from the Portland Cement Association.		NRMCA 2019	120	72	67	399				
152	"Powder coating, metal stock"	kg	"Powder coating, metal stock"	"Powder coating, for metal stock"		CFS 2012	0	0	0	0				
153	"PVC membrane, sheet"	kg	"PVC membrane, sheet"	PVC roofing membrane	324	CFS 2012	1299	0	0	0				
154	Red oak lumber	kg	"Red oak lumber, 4 inch"	"Kiln-dried American Red Oak hardwood lumber of 4"" nominal thickness as produced in the eastern United States, focusing on the main production technologies and region-specific characteristics. Red Oak is frequently used for moulding, flooring, furniture, doors, and millwork. Link for interactive LCA data tool is provided at the link listed as ""EPD Information""; full LCA report is available at http://naturespackaging.org/wp-content/uploads/2016/02/LifeCycleAssessment-Lumber.pdf."	262	CFS 2012	383	0	0	0				
155	"Roofing tiles, concrete"	kg	"Roofing tiles, concrete"	"Extruded high profile concrete tile, hardened and painted. Self adhering asphalt felt underlay and fasteners not included in entry."	319	CFS 2012	172	0	0	0				
156	Sand	kg	Sand	Concrete mix ingredient: Sand		NRMCA 2019	37	14	4	24				
157	SBS modified asphalt shingles	kg	"SBS modified asphalt, strip, ARMA - EPD"	"SBS-modified asphalt shingle assembly, including starter strip and hip and ridge shingles. User to add any felt underlayment, fiberglass leak barrier, flashing, vents, nails,  laminating adhesives, and sealant.  Industry-wide EPD from the Asphalt Roofing Manufacturers Association."	319	CFS 2012	172	0	0	0				
158	"Sealant, silicone"	kg	"Sealant, silicone"	Silicone sealing compound	239	CFS 2012	840	0	0	0				
159	"Self-adhering, polymer-modified asphalt sheet underlayment"	kg	"Self-adhering, polymer-modified asphalt sheet underlayment"	"Self-adhering, polymer-modified asphalt sheet underlayment."	319	CFS 2012	172	0	0	0				
160	"Spandrel, aluminum, insulated (1"" core)"	kg	"Spandrel, aluminum, insulated (1"" core)"	"Insulated aluminum spandrel panel of finished aluminum with metal backing and 1"" high density polyethylene core."	242	CFS 2012	1299	0	0	0				
161	"Spandrel, aluminum, insulated (2""core)"	kg	"Spandrel, aluminum, insulated (2""core)"	"Insulated aluminum spandrel panel of finished aluminum with metal backing and 2"" high density polyethylene core."	242	CFS 2012	1299	0	0	0				
162	"Spandrel, glass, insulated (1"" core)"	kg	"Spandrel, glass, insulated (1"" core)"	"Insulated glass spandrel panel of 1/8"" thick plate glass, 1"" air gap, and 1"" high density fiberglass insulation with 24 guage steel backing."	313	CFS 2012	940	0	0	0				
163	"Spandrel, glass, insulated (2"" core)"	kg	"Spandrel, glass, insulated (2"" core)"	"Insulated glass spandrel panel of 1/8"" thick plate glass, 2"" air gap, and 2"" high density fiberglass insulation with 24 guage steel backing"	313	CFS 2012	940	0	0	0				
164	"Spray polyurethane foam, closed cell (HFC blowing agent)"	kg	"Spray polyurethane foam, closed cell (HFC blowing agent), SPFA - EPD"	"Two-component polyurethane mixture insulation spray applied at installation site. Closed-cell, or medium density foam, (ccSPF) provides a water-resistant insulation, air-sealing, water vapor control and delivers added structural performance to the building envelope. HFC blowing agent is used. R Value: 6.2 (ft2hr¬?F/Btu)/in"	242?		1683	0	0	0				
165	"Spray polyurethane foam, closed cell (HFO blowing agent)"	kg	"Spray polyurethane foam, closed cell (HFO blowing agent), SPFA - EPD"	"Two-component polyurethane mixture insulation spray applied at installation site. Closed-cell, or medium density foam, (ccSPF) provides a water-resistant insulation, air-sealing, water vapor control and delivers added structural performance to the building envelope. HFO blowing agent is used. R Value: 6.2 (ft2hr¬?F/Btu)/in"	242?		1683	0	0	0				
166	"Spray polyurethane foam, closed cell roofing (HFC blowing agent)"	kg	"Spray polyurethane foam, closed cell roofing (HFC blowing agent), SPFA - EPD"	Two-component polyurethane mixture insulation spray applied at installation site. Closed-cell spray foam for roofing systems is used on the external surface of low slope roofs. Its higher density provides additional compressive strength needed for roofing applications. HFC blowing agent is used. R Value: 6.2 (ft2hr¬?F/Btu)/in	242?		1683	0	0	0				
167	"Spray polyurethane foam, closed cell roofing (HFO blowing agent)"	kg	"Spray polyurethane foam, closed cell roofing (HFO blowing agent), SPFA - EPD"	Two-component polyurethane mixture insulation spray applied at installation site. Closed-cell spray foam for roofing systems is used on the external surface of low slope roofs. Its higher density provides additional compressive strength needed for roofing applications. HFO blowing agent is used. R Value: 6.2 (ft2hr¬?F/Btu)/in	242?		1683	0	0	0				
168	"Spray polyurethane foam, closed cell, 2K-LP (HFC blowing agent)"	kg	"Spray polyurethane foam, closed cell, 2K-LP (HFC blowing agent), SPFA - EPD"	"Two-component polyurethane mixture insulation spray applied at installation site. Two-component, low pressure foam (2K-LP) is a closed-cell product that provides air sealing, insulation, and sound dampening properties. HFC blowing agent is used. R Value: 6.2 (ft2hr¬?F/Btu)/in"	242?		1683	0	0	0				
169	"Spray polyurethane foam, open cell"	kg	"Spray polyurethane foam, open cell, SPFA - EPD"	Two-component polyurethane mixture insulation spray applied at installation site. Open-cell low-density spray foam (ocSPF) provides insulation and air sealing. Water is used as a blowing agent. R Value: 3.6 (ft2hr¬?F/Btu)/in	242?		1683	0	0	0				
170	"Steel decking, galvanized"	kg	Galvanized steel decking	"Hot dip galvanized steel roof decking, corrugated profile. Default roof decking is galvanized to G90 standards, coated on both sides of 20 gauge steel deck, roll formed and precut."	323	CFS 2012	431	0	0	0				
171	"Steel, cold formed structural framing"	kg	Cold formed structural steel	"Cold-rolled or formed structural steel, such as used in steel studs."	323	CFS 2012	431	0	0	0				
172	"Steel, extruded, chromium 18/8"	kg	"Stainless steel, extruded, chromium 18/8"	"Stainless steel, extruded, Type 304 (Chromium 18/8)"	323	CFS 2012	431	0	0	0				
173	"Steel, galvanized"	kg	Galvanized steel	"Hot dipped galvanized steel profile, for use with cladding systems."	323	CFS 2012	431	0	0	0				
174	"Steel, hot rolled structural steel"	kg	"Hot rolled structural steel, AISC - EPD"	Hot rolled structural steel. Industry-wide EPD from the American Institute of Steel Construction.	323	CFS 2012	431	0	0	0				
175	"Steel, joist"	kg	"Steel joist, SJI - EPD"	"Welded steel joists, appropriate for the full range of standard steel joists and joist girders. Industry-wide EPD from the Steel Joist Institute."	323	CFS 2012	431	0	0	0				
176	"Steel, reinforcing rod"	kg	"Steel, reinforcing rod"	Common unfinished tempered steel rod suitable for structural reinforcement (rebar)	323	CFS 2012	431	0	0	0				
177	"Steel, sheet"	kg	"Steel, sheet"	Steel sheet	322	CFS 2012	418	0	0	0				
178	"Steel, tube"	kg	"Steel tube, Bull Moose Tube - EPD"	"Steel tube by Bull Moose Tube, appropriate for use as hollow structural sections, mechanical tube, and sprinkler pipe. EPD representative of conditions in the US."	323	CFS 2012	431	0	0	0				
179	"Steel, welded wire mesh"	kg	"Steel, welded wire mesh"	Steel rods further processed into wires appropriate for welded wire mesh reinforcement	323	CFS 2012	431	0	0	0				
180	"Stone slab, granite"	kg	"Stone slab, granite"	"Cut granite stone slab, such as for use in a veneer wall."	100	CFS 2012	217	0	0	0				
181	"Stone slab, limestone"	kg	"Stone slab, limestone"	"Cut limestone slab, such as for use in a veneer wall assembly."	100	CFS 2012	217	0	0	0				
182	"Structural concrete, 3000 psi, 0% fly ash and slag"	kg	"Structural concrete, 3000 psi, 0% fly ash and slag"	"Structural concrete, 3000 psi, 0% fly ash and slag. Mix design matches National Ready-Mix Concrete Association (NRMCA) Industry-wide EPD."		NRMCA 2019	24	0	0	0				
183	"Structural concrete, 3000 psi, 20% fly ash"	kg	"Structural concrete, 3000 psi, 20% fly ash"	"Structural concrete, 3000 psi, 20% fly ash. Mix design matches National Ready-Mix Concrete Association (NRMCA) Industry-wide EPD."		NRMCA 2019	24	0	0	0				
184	"Structural concrete, 3000 psi, 20% fly ash and 30% slag"	kg	"Structural concrete, 3000 psi, 20% fly ash and 30% slag"	"Structural concrete, 3000 psi, 20% fly ash and 30% slag. Mix design matches National Ready-Mix Concrete Association (NRMCA) Industry-wide EPD."		NRMCA 2019	24	0	0	0				
185	"Structural concrete, 3000 psi, 30% fly ash"	kg	"Structural concrete, 3000 psi, 30% fly ash"	"Structural concrete, 3000 psi, 30% fly ash. Mix design matches National Ready-Mix Concrete Association (NRMCA) Industry-wide EPD."		NRMCA 2019	24	0	0	0				
186	"Structural concrete, 3000 psi, 30% slag"	kg	"Structural concrete, 3000 psi, 30% slag"	"Structural concrete, 3000 psi, 30% slag. Mix design matches National Ready-Mix Concrete Association (NRMCA) Industry-wide EPD."		NRMCA 2019	24	0	0	0				
187	"Structural concrete, 3000 psi, 40% fly ash"	kg	"Structural concrete, 3000 psi, 40% fly ash"	"Structural concrete, 3000 psi, 40% fly ash. Mix design matches National Ready-Mix Concrete Association (NRMCA) Industry-wide EPD."		NRMCA 2019	24	0	0	0				
188	"Structural concrete, 3000 psi, 40% slag"	kg	"Structural concrete, 3000 psi, 40% slag"	"Structural concrete, 3000 psi, 40% slag. Mix design matches National Ready-Mix Concrete Association (NRMCA) Industry-wide EPD."		NRMCA 2019	24	0	0	0				
189	"Structural concrete, 3000 psi, 50% slag"	kg	"Structural concrete, 3000 psi, 50% slag"	"Structural concrete, 3000 psi, 50% slag. Mix design matches National Ready-Mix Concrete Association (NRMCA) Industry-wide EPD."		NRMCA 2019	24	0	0	0				
190	"Structural concrete, 3000 psi, Eastern regional average"	kg	"Structural concrete, 3000 psi, Eastern regional average"	"Structural concrete, 3000 psi, Eastern regional average. Mix design matches National Ready-Mix Concrete Association (NRMCA) Industry-wide EPD."		NRMCA 2019	24	0	0	0				
191	"Structural concrete, 3000 psi, Great Lakes Midwest regional average"	kg	"Structural concrete, 3000 psi, Great Lakes Midwest regional average"	"Structural concrete, 3000 psi, Great Lakes Midwest regional average. Mix design matches National Ready-Mix Concrete Association (NRMCA) Industry-wide EPD."		NRMCA 2019	24	0	0	0				
192	"Structural concrete, 3000 psi, National regional average"	kg	"Structural concrete, 3000 psi, National regional average"	"Structural concrete, 3000 psi, National regional average. Mix design matches National Ready-Mix Concrete Association (NRMCA) Industry-wide EPD."		NRMCA 2019	24	0	0	0				
193	"Structural concrete, 3000 psi, North Central regional average"	kg	"Structural concrete, 3000 psi, North Central regional average"	"Structural concrete, 3000 psi, North Central regional average. Mix design matches National Ready-Mix Concrete Association (NRMCA) Industry-wide EPD."		NRMCA 2019	24	0	0	0				
194	"Structural concrete, 3000 psi, Pacific Northwest regional average"	kg	"Structural concrete, 3000 psi, Pacific Northwest regional average"	"Structural concrete, 3000 psi, Pacific Northwest regional average. Mix design matches National Ready-Mix Concrete Association (NRMCA) Industry-wide EPD."		NRMCA 2019	24	0	0	0				
195	"Structural concrete, 3000 psi, Pacific Southwest regional average"	kg	"Structural concrete, 3000 psi, Pacific Southwest regional average"	"Structural concrete, 3000 psi, Pacific Southwest regional average. Mix design matches National Ready-Mix Concrete Association (NRMCA) Industry-wide EPD."		NRMCA 2019	24	0	0	0				
196	"Structural concrete, 3000 psi, Rocky Mountains regional average"	kg	"Structural concrete, 3000 psi, Rocky Mountains regional average"	"Structural concrete, 3000 psi, Rocky Mountains regional average. Mix design matches National Ready-Mix Concrete Association (NRMCA) Industry-wide EPD."		NRMCA 2019	24	0	0	0				
197	"Structural concrete, 3000 psi, South Central regional average"	kg	"Structural concrete, 3000 psi, South Central regional average"	"Structural concrete, 3000 psi, South Central regional average. Mix design matches National Ready-Mix Concrete Association (NRMCA) Industry-wide EPD."		NRMCA 2019	24	0	0	0				
198	"Structural concrete, 3000 psi, South Eastern regional average"	kg	"Structural concrete, 3000 psi, South Eastern regional average"	"Structural concrete, 3000 psi, South Eastern regional average. Mix design matches National Ready-Mix Concrete Association (NRMCA) Industry-wide EPD."		NRMCA 2019	24	0	0	0				
199	"Structural concrete, 4000 psi, 0% fly ash and slag"	kg	"Structural concrete, 4000 psi, 0% fly ash and slag"	"Structural concrete, 4000 psi, 0% fly ash and slag. Mix design matches National Ready-Mix Concrete Association (NRMCA) Industry-wide EPD."		NRMCA 2019	24	0	0	0				
200	"Structural concrete, 4000 psi, 20% fly ash"	kg	"Structural concrete, 4000 psi, 20% fly ash"	"Structural concrete, 4000 psi, 20% fly ash. Mix design matches National Ready-Mix Concrete Association (NRMCA) Industry-wide EPD."		NRMCA 2019	24	0	0	0				
201	"Structural concrete, 4000 psi, 20% fly ash and 30% slag"	kg	"Structural concrete, 4000 psi, 20% fly ash and 30% slag"	"Structural concrete, 4000 psi, 20% fly ash and 30% slag. Mix design matches National Ready-Mix Concrete Association (NRMCA) Industry-wide EPD."		NRMCA 2019	24	0	0	0				
202	"Structural concrete, 4000 psi, 30% fly ash"	kg	"Structural concrete, 4000 psi, 30% fly ash"	"Structural concrete, 4000 psi, 30% fly ash. Mix design matches National Ready-Mix Concrete Association (NRMCA) Industry-wide EPD."		NRMCA 2019	24	0	0	0				
203	"Structural concrete, 4000 psi, 30% slag"	kg	"Structural concrete, 4000 psi, 30% slag"	"Structural concrete, 4000 psi, 30% slag. Mix design matches National Ready-Mix Concrete Association (NRMCA) Industry-wide EPD."		NRMCA 2019	24	0	0	0				
204	"Structural concrete, 4000 psi, 40% fly ash"	kg	"Structural concrete, 4000 psi, 40% fly ash"	"Structural concrete, 4000 psi, 40% fly ash. Mix design matches National Ready-Mix Concrete Association (NRMCA) Industry-wide EPD."		NRMCA 2019	24	0	0	0				
205	"Structural concrete, 4000 psi, 40% slag"	kg	"Structural concrete, 4000 psi, 40% slag"	"Structural concrete, 4000 psi, 40% slag. Mix design matches National Ready-Mix Concrete Association (NRMCA) Industry-wide EPD."		NRMCA 2019	24	0	0	0				
206	"Structural concrete, 4000 psi, 50% slag"	kg	"Structural concrete, 4000 psi, 50% slag"	"Structural concrete, 4000 psi, 50% slag. Mix design matches National Ready-Mix Concrete Association (NRMCA) Industry-wide EPD."		NRMCA 2019	24	0	0	0				
207	"Structural concrete, 4000 psi, Eastern regional average"	kg	"Structural concrete, 4000 psi, Eastern regional average"	"Structural concrete, 4000 psi, Eastern regional average. Mix design matches National Ready-Mix Concrete Association (NRMCA) Industry-wide EPD."		NRMCA 2019	24	0	0	0				
208	"Structural concrete, 4000 psi, Great Lakes Midwest regional average"	kg	"Structural concrete, 4000 psi, Great Lakes Midwest regional average"	"Structural concrete, 4000 psi, Great Lakes Midwest regional average. Mix design matches National Ready-Mix Concrete Association (NRMCA) Industry-wide EPD."		NRMCA 2019	24	0	0	0				
209	"Structural concrete, 4000 psi, National regional average"	kg	"Structural concrete, 4000 psi, National regional average"	"Structural concrete, 4000 psi, National regional average. Mix design matches National Ready-Mix Concrete Association (NRMCA) Industry-wide EPD."		NRMCA 2019	24	0	0	0				
210	"Structural concrete, 4000 psi, North Central regional average"	kg	"Structural concrete, 4000 psi, North Central regional average"	"Structural concrete, 4000 psi, North Central regional average. Mix design matches National Ready-Mix Concrete Association (NRMCA) Industry-wide EPD."		NRMCA 2019	24	0	0	0				
211	"Structural concrete, 4000 psi, Pacific Northwest regional average"	kg	"Structural concrete, 4000 psi, Pacific Northwest regional average"	"Structural concrete, 4000 psi, Pacific Northwest regional average. Mix design matches National Ready-Mix Concrete Association (NRMCA) Industry-wide EPD."		NRMCA 2019	24	0	0	0				
212	"Structural concrete, 4000 psi, Pacific Southwest regional average"	kg	"Structural concrete, 4000 psi, Pacific Southwest regional average"	"Structural concrete, 4000 psi, Pacific Southwest regional average. Mix design matches National Ready-Mix Concrete Association (NRMCA) Industry-wide EPD."		NRMCA 2019	24	0	0	0				
213	"Structural concrete, 4000 psi, Rocky Mountains regional average"	kg	"Structural concrete, 4000 psi, Rocky Mountains regional average"	"Structural concrete, 4000 psi, Rocky Mountains regional average. Mix design matches National Ready-Mix Concrete Association (NRMCA) Industry-wide EPD."		NRMCA 2019	24	0	0	0				
214	"Structural concrete, 4000 psi, South Central regional average"	kg	"Structural concrete, 4000 psi, South Central regional average"	"Structural concrete, 4000 psi, South Central regional average. Mix design matches National Ready-Mix Concrete Association (NRMCA) Industry-wide EPD."		NRMCA 2019	24	0	0	0				
215	"Structural concrete, 4000 psi, South Eastern regional average"	kg	"Structural concrete, 4000 psi, South Eastern regional average"	"Structural concrete, 4000 psi, South Eastern regional average. Mix design matches National Ready-Mix Concrete Association (NRMCA) Industry-wide EPD."		NRMCA 2019	24	0	0	0				
216	"Structural concrete, 5000 psi, 0% fly ash and slag"	kg	"Structural concrete, 5000 psi, 0% fly ash and slag"	"Structural concrete, 5000 psi, 0% fly ash and slag. Mix design matches National Ready-Mix Concrete Association (NRMCA) Industry-wide EPD."		NRMCA 2019	24	0	0	0				
217	"Structural concrete, 5000 psi, 20% fly ash"	kg	"Structural concrete, 5000 psi, 20% fly ash"	"Structural concrete, 5000 psi, 20% fly ash. Mix design matches National Ready-Mix Concrete Association (NRMCA) Industry-wide EPD."		NRMCA 2019	24	0	0	0				
218	"Structural concrete, 5000 psi, 20% fly ash and 30% slag"	kg	"Structural concrete, 5000 psi, 20% fly ash and 30% slag"	"Structural concrete, 5000 psi, 20% fly ash and 30% slag. Mix design matches National Ready-Mix Concrete Association (NRMCA) Industry-wide EPD."		NRMCA 2019	24	0	0	0				
219	"Structural concrete, 5000 psi, 30% fly ash"	kg	"Structural concrete, 5000 psi, 30% fly ash"	"Structural concrete, 5000 psi, 30% fly ash. Mix design matches National Ready-Mix Concrete Association (NRMCA) Industry-wide EPD."		NRMCA 2019	24	0	0	0				
220	"Structural concrete, 5000 psi, 30% slag"	kg	"Structural concrete, 5000 psi, 30% slag"	"Structural concrete, 5000 psi, 30% slag. Mix design matches National Ready-Mix Concrete Association (NRMCA) Industry-wide EPD."		NRMCA 2019	24	0	0	0				
221	"Structural concrete, 5000 psi, 40% fly ash"	kg	"Structural concrete, 5000 psi, 40% fly ash"	"Structural concrete, 5000 psi, 40% fly ash. Mix design matches National Ready-Mix Concrete Association (NRMCA) Industry-wide EPD."		NRMCA 2019	24	0	0	0				
222	"Structural concrete, 5000 psi, 40% slag"	kg	"Structural concrete, 5000 psi, 40% slag"	"Structural concrete, 5000 psi, 40% slag. Mix design matches National Ready-Mix Concrete Association (NRMCA) Industry-wide EPD."		NRMCA 2019	24	0	0	0				
223	"Structural concrete, 5000 psi, 50% slag"	kg	"Structural concrete, 5000 psi, 50% slag"	"Structural concrete, 5000 psi, 50% slag. Mix design matches National Ready-Mix Concrete Association (NRMCA) Industry-wide EPD."		NRMCA 2019	24	0	0	0				
224	"Structural concrete, 5000 psi, Eastern regional average"	kg	"Structural concrete, 5000 psi, Eastern regional average"	"Structural concrete, 5000 psi, Eastern regional average. Mix design matches National Ready-Mix Concrete Association (NRMCA) Industry-wide EPD."		NRMCA 2019	24	0	0	0				
225	"Structural concrete, 5000 psi, Great Lakes Midwest regional average"	kg	"Structural concrete, 5000 psi, Great Lakes Midwest regional average"	"Structural concrete, 5000 psi, Great Lakes Midwest regional average. Mix design matches National Ready-Mix Concrete Association (NRMCA) Industry-wide EPD."		NRMCA 2019	24	0	0	0				
226	"Structural concrete, 5000 psi, National regional average"	kg	"Structural concrete, 5000 psi, National regional average"	"Structural concrete, 5000 psi, National regional average. Mix design matches National Ready-Mix Concrete Association (NRMCA) Industry-wide EPD."		NRMCA 2019	24	0	0	0				
227	"Structural concrete, 5000 psi, North Central regional average"	kg	"Structural concrete, 5000 psi, North Central regional average"	"Structural concrete, 5000 psi, North Central regional average. Mix design matches National Ready-Mix Concrete Association (NRMCA) Industry-wide EPD."		NRMCA 2019	24	0	0	0				
228	"Structural concrete, 5000 psi, Pacific Northwest regional average"	kg	"Structural concrete, 5000 psi, Pacific Northwest regional average"	"Structural concrete, 5000 psi, Pacific Northwest regional average. Mix design matches National Ready-Mix Concrete Association (NRMCA) Industry-wide EPD."		NRMCA 2019	24	0	0	0				
229	"Structural concrete, 5000 psi, Pacific Southwest regional average"	kg	"Structural concrete, 5000 psi, Pacific Southwest regional average"	"Structural concrete, 5000 psi, Pacific Southwest regional average. Mix design matches National Ready-Mix Concrete Association (NRMCA) Industry-wide EPD."		NRMCA 2019	24	0	0	0				
230	"Structural concrete, 5000 psi, Rocky Mountains regional average"	kg	"Structural concrete, 5000 psi, Rocky Mountains regional average"	"Structural concrete, 5000 psi, Rocky Mountains regional average. Mix design matches National Ready-Mix Concrete Association (NRMCA) Industry-wide EPD."		NRMCA 2019	24	0	0	0				
231	"Structural concrete, 5000 psi, South Central regional average"	kg	"Structural concrete, 5000 psi, South Central regional average"	"Structural concrete, 5000 psi, South Central regional average. Mix design matches National Ready-Mix Concrete Association (NRMCA) Industry-wide EPD."		NRMCA 2019	24	0	0	0				
232	"Structural concrete, 5000 psi, South Eastern regional average"	kg	"Structural concrete, 5000 psi, South Eastern regional average"	"Structural concrete, 5000 psi, South Eastern regional average. Mix design matches National Ready-Mix Concrete Association (NRMCA) Industry-wide EPD."		NRMCA 2019	24	0	0	0				
233	"Structural concrete, 6000 psi, 0% fly ash and slag"	kg	"Structural concrete, 6000 psi, 0% fly ash and slag"	"Structural concrete, 6000 psi, 0% fly ash and slag. Mix design matches National Ready-Mix Concrete Association (NRMCA) Industry-wide EPD."		NRMCA 2019	24	0	0	0				
234	"Structural concrete, 6000 psi, 20% fly ash"	kg	"Structural concrete, 6000 psi, 20% fly ash"	"Structural concrete, 6000 psi, 20% fly ash. Mix design matches National Ready-Mix Concrete Association (NRMCA) Industry-wide EPD."		NRMCA 2019	24	0	0	0				
235	"Structural concrete, 6000 psi, 20% fly ash and 30% slag"	kg	"Structural concrete, 6000 psi, 20% fly ash and 30% slag"	"Structural concrete, 6000 psi, 20% fly ash and 30% slag. Mix design matches National Ready-Mix Concrete Association (NRMCA) Industry-wide EPD."		NRMCA 2019	24	0	0	0				
236	"Structural concrete, 6000 psi, 30% fly ash"	kg	"Structural concrete, 6000 psi, 30% fly ash"	"Structural concrete, 6000 psi, 30% fly ash. Mix design matches National Ready-Mix Concrete Association (NRMCA) Industry-wide EPD."		NRMCA 2019	24	0	0	0				
237	"Structural concrete, 6000 psi, 30% slag"	kg	"Structural concrete, 6000 psi, 30% slag"	"Structural concrete, 6000 psi, 30% slag. Mix design matches National Ready-Mix Concrete Association (NRMCA) Industry-wide EPD."		NRMCA 2019	24	0	0	0				
238	"Structural concrete, 6000 psi, 40% fly ash"	kg	"Structural concrete, 6000 psi, 40% fly ash"	"Structural concrete, 6000 psi, 40% fly ash. Mix design matches National Ready-Mix Concrete Association (NRMCA) Industry-wide EPD."		NRMCA 2019	24	0	0	0				
239	"Structural concrete, 6000 psi, 40% slag"	kg	"Structural concrete, 6000 psi, 40% slag"	"Structural concrete, 6000 psi, 40% slag. Mix design matches National Ready-Mix Concrete Association (NRMCA) Industry-wide EPD."		NRMCA 2019	24	0	0	0				
240	"Structural concrete, 6000 psi, 50% slag"	kg	"Structural concrete, 6000 psi, 50% slag"	"Structural concrete, 6000 psi, 50% slag. Mix design matches National Ready-Mix Concrete Association (NRMCA) Industry-wide EPD."		NRMCA 2019	24	0	0	0				
241	"Structural concrete, 6000 psi, Eastern regional average"	kg	"Structural concrete, 6000 psi, Eastern regional average"	"Structural concrete, 6000 psi, Eastern regional average. Mix design matches National Ready-Mix Concrete Association (NRMCA) Industry-wide EPD."		NRMCA 2019	24	0	0	0				
242	"Structural concrete, 6000 psi, Great Lakes Midwest regional average"	kg	"Structural concrete, 6000 psi, Great Lakes Midwest regional average"	"Structural concrete, 6000 psi, Great Lakes Midwest regional average. Mix design matches National Ready-Mix Concrete Association (NRMCA) Industry-wide EPD."		NRMCA 2019	24	0	0	0				
243	"Structural concrete, 6000 psi, National regional average"	kg	"Structural concrete, 6000 psi, National regional average"	"Structural concrete, 6000 psi, National regional average. Mix design matches National Ready-Mix Concrete Association (NRMCA) Industry-wide EPD."		NRMCA 2019	24	0	0	0				
244	"Structural concrete, 6000 psi, North Central regional average"	kg	"Structural concrete, 6000 psi, North Central regional average"	"Structural concrete, 6000 psi, North Central regional average. Mix design matches National Ready-Mix Concrete Association (NRMCA) Industry-wide EPD."		NRMCA 2019	24	0	0	0				
245	"Structural concrete, 6000 psi, Pacific Northwest regional average"	kg	"Structural concrete, 6000 psi, Pacific Northwest regional average"	"Structural concrete, 6000 psi, Pacific Northwest regional average. Mix design matches National Ready-Mix Concrete Association (NRMCA) Industry-wide EPD."		NRMCA 2019	24	0	0	0				
246	"Structural concrete, 6000 psi, Pacific Southwest regional average"	kg	"Structural concrete, 6000 psi, Pacific Southwest regional average"	"Structural concrete, 6000 psi, Pacific Southwest regional average. Mix design matches National Ready-Mix Concrete Association (NRMCA) Industry-wide EPD."		NRMCA 2019	24	0	0	0				
247	"Structural concrete, 6000 psi, Rocky Mountains regional average"	kg	"Structural concrete, 6000 psi, Rocky Mountains regional average"	"Structural concrete, 6000 psi, Rocky Mountains regional average. Mix design matches National Ready-Mix Concrete Association (NRMCA) Industry-wide EPD."		NRMCA 2019	24	0	0	0				
248	"Structural concrete, 6000 psi, South Central regional average"	kg	"Structural concrete, 6000 psi, South Central regional average"	"Structural concrete, 6000 psi, South Central regional average. Mix design matches National Ready-Mix Concrete Association (NRMCA) Industry-wide EPD."		NRMCA 2019	24	0	0	0				
249	"Structural concrete, 6000 psi, South Eastern regional average"	kg	"Structural concrete, 6000 psi, South Eastern regional average"	"Structural concrete, 6000 psi, South Eastern regional average. Mix design matches National Ready-Mix Concrete Association (NRMCA) Industry-wide EPD."		NRMCA 2019	24	0	0	0				
250	"Structural concrete, 8000 psi, 0% fly ash and slag"	kg	"Structural concrete, 8000 psi, 0% fly ash and slag"	"Structural concrete, 8000 psi, 0% fly ash and slag. Mix design matches National Ready-Mix Concrete Association (NRMCA) Industry-wide EPD."		NRMCA 2019	24	0	0	0				
251	"Structural concrete, 8000 psi, 20% fly ash"	kg	"Structural concrete, 8000 psi, 20% fly ash"	"Structural concrete, 8000 psi, 20% fly ash. Mix design matches National Ready-Mix Concrete Association (NRMCA) Industry-wide EPD."		NRMCA 2019	24	0	0	0				
252	"Structural concrete, 8000 psi, 20% fly ash and 30% slag"	kg	"Structural concrete, 8000 psi, 20% fly ash and 30% slag"	"Structural concrete, 8000 psi, 20% fly ash and 30% slag. Mix design matches National Ready-Mix Concrete Association (NRMCA) Industry-wide EPD."		NRMCA 2019	24	0	0	0				
253	"Structural concrete, 8000 psi, 30% fly ash"	kg	"Structural concrete, 8000 psi, 30% fly ash"	"Structural concrete, 8000 psi, 30% fly ash. Mix design matches National Ready-Mix Concrete Association (NRMCA) Industry-wide EPD."		NRMCA 2019	24	0	0	0				
254	"Structural concrete, 8000 psi, 30% slag"	kg	"Structural concrete, 8000 psi, 30% slag"	"Structural concrete, 8000 psi, 30% slag. Mix design matches National Ready-Mix Concrete Association (NRMCA) Industry-wide EPD."		NRMCA 2019	24	0	0	0				
255	"Structural concrete, 8000 psi, 40% fly ash"	kg	"Structural concrete, 8000 psi, 40% fly ash"	"Structural concrete, 8000 psi, 40% fly ash. Mix design matches National Ready-Mix Concrete Association (NRMCA) Industry-wide EPD."		NRMCA 2019	24	0	0	0				
256	"Structural concrete, 8000 psi, 40% slag"	kg	"Structural concrete, 8000 psi, 40% slag"	"Structural concrete, 8000 psi, 40% slag. Mix design matches National Ready-Mix Concrete Association (NRMCA) Industry-wide EPD."		NRMCA 2019	24	0	0	0				
257	"Structural concrete, 8000 psi, 50% slag"	kg	"Structural concrete, 8000 psi, 50% slag"	"Structural concrete, 8000 psi, 50% slag. Mix design matches National Ready-Mix Concrete Association (NRMCA) Industry-wide EPD."		NRMCA 2019	24	0	0	0				
258	"Structural concrete, 8000 psi, Eastern regional average"	kg	"Structural concrete, 8000 psi, Eastern regional average"	"Structural concrete, 8000 psi, Eastern regional average. Mix design matches National Ready-Mix Concrete Association (NRMCA) Industry-wide EPD."		NRMCA 2019	24	0	0	0				
259	"Structural concrete, 8000 psi, Great Lakes Midwest regional average"	kg	"Structural concrete, 8000 psi, Great Lakes Midwest regional average"	"Structural concrete, 8000 psi, Great Lakes Midwest regional average. Mix design matches National Ready-Mix Concrete Association (NRMCA) Industry-wide EPD."		NRMCA 2019	24	0	0	0				
260	"Structural concrete, 8000 psi, National regional average"	kg	"Structural concrete, 8000 psi, National regional average"	"Structural concrete, 8000 psi, National regional average. Mix design matches National Ready-Mix Concrete Association (NRMCA) Industry-wide EPD."		NRMCA 2019	24	0	0	0				
261	"Structural concrete, 8000 psi, North Central regional average"	kg	"Structural concrete, 8000 psi, North Central regional average"	"Structural concrete, 8000 psi, North Central regional average. Mix design matches National Ready-Mix Concrete Association (NRMCA) Industry-wide EPD."		NRMCA 2019	24	0	0	0				
262	"Structural concrete, 8000 psi, Pacific Northwest regional average"	kg	"Structural concrete, 8000 psi, Pacific Northwest regional average"	"Structural concrete, 8000 psi, Pacific Northwest regional average. Mix design matches National Ready-Mix Concrete Association (NRMCA) Industry-wide EPD."		NRMCA 2019	24	0	0	0				
263	"Structural concrete, 8000 psi, Pacific Southwest regional average"	kg	"Structural concrete, 8000 psi, Pacific Southwest regional average"	"Structural concrete, 8000 psi, Pacific Southwest regional average. Mix design matches National Ready-Mix Concrete Association (NRMCA) Industry-wide EPD."		NRMCA 2019	24	0	0	0				
264	"Structural concrete, 8000 psi, Rocky Mountains regional average"	kg	"Structural concrete, 8000 psi, Rocky Mountains regional average"	"Structural concrete, 8000 psi, Rocky Mountains regional average. Mix design matches National Ready-Mix Concrete Association (NRMCA) Industry-wide EPD."		NRMCA 2019	24	0	0	0				
265	"Structural concrete, 8000 psi, South Central regional average"	kg	"Structural concrete, 8000 psi, South Central regional average"	"Structural concrete, 8000 psi, South Central regional average. Mix design matches National Ready-Mix Concrete Association (NRMCA) Industry-wide EPD."		NRMCA 2019	24	0	0	0				
266	"Structural concrete, 8000 psi, South Eastern regional average"	kg	"Structural concrete, 8000 psi, South Eastern regional average"	"Structural concrete, 8000 psi, South Eastern regional average. Mix design matches National Ready-Mix Concrete Association (NRMCA) Industry-wide EPD."		NRMCA 2019	24	0	0	0				
267	"TPO membrane, sheet"	kg	"TPO membrane, 60 mils, SPRI - EPD"	"Thermoplastic polyolefin (TPO) roofing membrane, default thickness 60 mils (1.5 mm). Industry-wide EPD from the Single Ply Roofing Industry."	319	CFS 2012	172	0	0	0				
268	Vinyl siding	kg	Vinyl siding	"Rigid vinyl siding, (0.04"" thickness) factory formed and cut. Entry exclusive of wood stud, separate weather barrier, or other support material."	324	CFS 2012	1299	0	0	0				
269	"Wall board, gypsum, fire-resistant (Type X)"	kg	"Wall board, gypsum, fire-resistant (Type X)"	Fire-resistant gypsum board	319	CFS 2012	172	0	0	0				
270	"Wall board, gypsum, moisture- and mold-resistant"	kg	"Wall board, gypsum, moisture- and mold-resistant"	Moisture- and mold-resistant gypsum board	319	CFS 2012	172	0	0	0				
271	"Wall board, gypsum, natural"	kg	"Wall board, gypsum, natural"	Natural gypsum board	319	CFS 2012	172	0	0	0				
272	Walnut lumber	kg	"Walnut lumber, 4 inch"	"Kiln-dried American Walnut (black walnut) hardwood lumber of 4"" nominal thickness as produced in the eastern United States, focusing on the main production technologies and region-specific characteristics. Walnut is frequently used for flooring, furniture, doors, panels, and millwork. Link for interactive LCA data tool is provided at the link listed as ""EPD Information""; full LCA report is available at http://naturespackaging.org/wp-content/uploads/2016/02/LifeCycleAssessment-Lumber.pdf."	262	CFS 2012	383	0	0	0				
273	Water	kg	Water	Concrete mix ingredient: Tap water			0	0	0	0				
274	White oak lumber	kg	"White oak lumber, 4 inch"	"Kiln-dried American White Oak hardwood lumber of 4"" nominal thickness as produced in the eastern United States, focusing on the main production technologies and region-specific characteristics. White oak is frequently used for mouldings, flooring, furniture, doors, and millwork. Link for interactive LCA data tool is provided at the link listed as ""EPD Information""; full LCA report is available at http://naturespackaging.org/wp-content/uploads/2016/02/LifeCycleAssessment-Lumber.pdf."	262	CFS 2012	383	0	0	0				
275	"Window frame, aluminum, powder-coated, divided operable, insulated"	kg	"Window frame, aluminum, powder-coated, divided operable, insulated"	Aluminum insulated divided operable window frame	333	CFS 2012	568	0	0	0				
276	"Window frame, aluminum, powder-coated, divided operable, thermal break"	kg	"Window frame, aluminum, powder-coated, divided operable, thermal break"	Aluminum divided operable window frame with thermal break	333	CFS 2012	568	0	0	0				
277	"Window frame, vinyl, fixed"	kg	"Window frame, vinyl, fixed"	Vinyl fixed window frame inclusive of steel bracing		CFS 2012	496	0	0	0				
278	"Window frame, wood, fixed"	kg	"Window frame, wood, fixed"	Wood fixed window frame inclusive of paint		CFS 2012	496	0	0	0				
279	"Wood stain, water based"	kg	"Wood stain, water based"	Semi-transparent stain for interior and exterior wood surfaces	231	CFS 2012	642	0	0	0				
280	"XPS insulating sheathing, Foamular ProPink (R-4, 15 psi)"	kg	"XPS insulating sheathing, Foamular ProPink (R-4, 15 psi), Owens Corning - EPD"	"FOAMULAR PROPINK XPS (polystyrene) insulating sheathing board, HFC foaming agent. EPD representative of US manufacturing condition. FOAMULAR PROPINK insulated sheathing board is available with a variety of R-values / thicknesses, ranging from R3-R5. This entry is based on an R4 board with a total thickness of 0.75 inch and a compressive strength of 15 psi.

Note: This temporary entry is sourced directly from third-party verified EPD data and replaces a Tally entry that is undergoing a quality assurance review. This entry developed using data from ecoinvent and modeled in SimaPro but adheres to modeling standards and practices consistent with Tally database."	242?	EPD	1190	0	0	0				
281	XPS insulation	kg	"XPS insulation, Foamular average, Owens Corning - EPD"	"FOAMULAR XPS (polystyrene) insulation board, HFC foaming agent. EPD representative of US manufacturing condition. FOAMULAR insulation board is available with a variety of R-values and compressive strengths. The default value is based on a thermal resistance of RSI 1 and a compressive strength of 30 psi. If the intended R-value and compressive strength of the assembly is known, use the drop-down menu to designate a specific product.  

Note: This temporary entry is sourced directly from third-party verified EPD data and replaces a Tally entry that is undergoing a quality assurance review. This entry developed using data from ecoinvent and modeled in SimaPro but adheres to modeling standards and practices consistent with Tally database."	242?	EPD?	1190	0	0	0				
282	Zinc coating (galvanized) for steel G59	kg	Zinc coating (galvanized) for steel G60	"Zinc coating: G60 coating designation, typically used for facade panels"	323	CFS 2012	431	0	0	0				
283	"Paint, enamel, solvent based"	kg	"Paint, enamel, solvent based"	"Solvent-based enamel paint, appropriate for use on metals"			642	0	0	0				
284	"Tulipwood lumber, 1 inch"	kg	"Tulipwood lumber, 1 inch"	"Kiln-dried American Tulipwood (yellow or tulip poplar) hardwood lumber of 1"" nominal thickness as produced in the eastern United States, focusing on the main production technologies and the region-specific characteristics. Tulipwood is frequently used for carvings, mouldings, furniture, doors, panelling, and cabinets. Link for interactive LCA data tool is provided at the link listed as ""EPD Information""; full LCA report is available at http://naturespackaging.org/wp-content/uploads/2016/02/LifeCycleAssessment-Lumber.pdf."	262	CFS 2012	383	0	0	0				
285	"Stucco, synthetic"	kg	"Stucco, synthetic"	"Acrylic latex stucco layer, typically applied over a PVC lath. Base stucco layer with a default thickness of 3/8"" (9.5 mm)."			642	0	0	0				
286	"Paint, interior acrylic latex"	kg	"Paint, interior acrylic latex"	Acrylic-based paint for interior applications			642	0	0	0				
